ControlNr;Category;BBN;Title;Description;Purpose;Government Measure
"5.1";"Organisatorisch";1;"Beleidsregels voor informatiebeveiliging";"Informatiebeveiligingsbeleid en onderwerpspecifieke beleidsregels behoren te worden gedefinieerd, goedgekeurd door het management, gepubliceerd, gecommuniceerd aan en erkend door relevant personeel en relevante belanghebbenden en met geplande tussenpozen of zodra zich belangrijke veranderingen voordoen, te worden beoordeeld.";"De voortdurende geschiktheid, toereikendheid, doeltreffendheid van de sturing en ondersteuning door het management overeenkomstig de bedrijfseisen en de eisen van wet- en regelgeving, statutaire en contractuele eisen bewerkstelligen.";"Het informatiebeveiligingsbeleid wordt periodiek en in aansluiting bij de (bestaande) bestuurs- en P&C-cycli en externe ontwikkelingen beoordeeld en zo nodig bijgesteld."
"5.2";"Organisatorisch";1;"Rollen en verantwoordelijkheden bij informatiebeveiliging";"Rollen en verantwoordelijkheden bij informatiebeveiliging behoren te worden gedefinieerd en toegewezen overeenkomstig de behoeften van de organisatie.";"Een gedefinieerde, goedgekeurde en duidelijk te begrijpen structuur voor de implementatie, uitvoering en het beheer van informatiebeveiliging binnen de organisatie inrichten.";"De leiding van de organisatie heeft vastgelegd wat de verantwoordelijkheden en rollen zijn op het gebied van informatiebeveiliging binnen haar organisatie."
"5.3";"Organisatorisch";1;"Functiescheiding";"Conflicterende taken en conflicterende verantwoordelijkheden behoren te worden gescheiden.";"Het risico op fraude, fouten en het omzeilen van beheersmaatregelen voor informatiebeveiliging verminderen.";"Er zijn maatregelen getroffen die onbedoelde of ongeautoriseerde toegang tot bedrijfsmiddelen waarnemen of voorkomen."
"5.4";"Organisatorisch";1;"Managementverantwoordelijkheden";"Het management behoort van al het personeel te eisen dat ze informatiebeveiliging toepassen overeenkomstig het vastgestelde informatiebeveiligingsbeleid, de onderwerpspecifieke beleidsregels en procedures van de organisatie.";"Bewerkstelligen dat het management zijn rol bij informatiebeveiliging begrijpt en maatregelen neemt om ervoor te zorgen dat al het personeel zich bewust is van zijn verantwoordelijkheden op het gebied van informatiebeveiliging en deze ook nakomt.";"Er is aansluiting bij een klokkenluidersregeling, zodat iedereen anoniem en veilig beveiligingsissues kan melden."
"5.5";"Organisatorisch";2;"Contact met overheidsinstanties";"De organisatie behoort contact met de relevante instanties te leggen en te onderhouden.";"Een passende stroom van informatie met betrekking tot informatiebeveiliging tussen de organisatie en relevante juridische, regelgevende en toezichthoudende instanties bewerkstelligen";"Er is door de organisatie uitgewerkt wie met welke (overheids)instanties en toezichthouders contact heeft ten aanzien van informatiebeveiligingsaangelegenheden (vergunningen/incidenten/calamiteiten) en welke eisen voor deze aangelegenheden relevant zijn."
"5.6";"Organisatorisch";0;"Contact met speciale belangengroepen";"De organisatie behoort contacten met speciale belangengroepen of andere gespecialiseerde beveiligingsfora en beroepsverenigingen te leggen en te onderhouden.";"Een passende stroom van informatie met betrekking tot informatiebeveiliging bewerkstelligen.";"Niet Bekend"
"5.7";"Organisatorisch";2;"Informatie en analyses over dreigingen";"Informatie met betrekking tot informatiebeveiligingsdreigingen behoort te worden verzameld en geanalyseerd om informatie en analyses over dreigingen te produceren.";"Bewustwording bieden van de mogelijke dreigingen voor de organisatie zodat de passende mitigerende maatregelen kunnen worden getroffen.";"Is een nieuwe control. Er zijn geen maatregelen nodig. De implementatie-aanwijziging geeft voldoende houvast."
"5.8";"Organisatorisch";2;"Informatiebeveiliging in projectmanagement";"Informatiebeveiliging behoort te worden geïntegreerd in projectmanagement.";"Ervoor zorgen dat informatiebeveiligingsrisico's binnen projecten en te leveren producten en diensten gedurende de gehele levenscyclus van het project op doeltreffende wijze binnen het projectmanagement worden aangepakt.";"Niet Bekend"
"5.9";"Organisatorisch";1;"Inventarisatie van informatie en andere gerelateerde bedrijfsmiddelen";"Er behoort een inventarislijst van informatie en andere gerelateerde bedrijfsmiddelen, met inbegrip van de eigenaren, te worden opgesteld en onderhouden.";"De informatie en andere gerelateerde bedrijfsmiddelen van de organisatie identificeren om de informatiebeveiliging ervan te behouden en passend eigenaarschap toe te wijzen.";"Niet Bekend"
"5.10";"Organisatorisch";1;"Aanvaard gebruik van informatie en andere gerelateerde bedrijfsmiddelen";"Regels voor het aanvaardbaar gebruik van en procedures voor het omgaan met informatie en andere gerelateerde bedrijfsmiddelen behoren te worden vastgesteld, gedocumenteerd en geïmplementeerd.";"Waarborgen dat informatie en andere gerelateerde bedrijfsmiddelen passend worden beschermd, gebruikt en behandeld.";"Alle medewerkers zijn aantoonbaar gewezen op de gedragsregels voor het gebruik van bedrijfsmiddelen."
"5.11";"Organisatorisch";1;"Retourneren van bedrijfsmiddelen";"Personeel en andere belanghebbenden, al naargelang de situatie, behoren alle bedrijfsmiddelen van de organisatie die ze in hun bezit hebben bij beëindiging van hun dienstverband, contract of overeenkomst te retourneren.";"De bedrijfsmiddelen van de organisatie beschermen als onderdeel van de procedure voor het wijzigen of beëindigen van het dienstverband, het contract of de overeenkomst.";"Niet Bekend"
"5.12";"Organisatorisch";1;"Classificeren van informatie";"Informatie behoort te worden geclassificeerd volgens de informatiebeveiligingsbehoeften van de organisatie, op basis van de eisen voor vertrouwelijkheid, integriteit, beschikbaarheid en relevante belanghebbenden.";"Bewerkstelligen dat het identificeren van en het inzicht in de beschermingsbehoeften voor informatie in overeenstemming zijn met het belang ervan voor de organisatie.";"De informatie in alle informatiesystemen is door middel van een expliciete risicoafweging geclassificeerd, zodat duidelijk is welke bescherming nodig is."
"5.13";"Organisatorisch";1;"Labelen van informatie";"Om informatie te labelen behoort een passende reeks procedures te worden vastgesteld en geïmplementeerd in overeenstemming met het informatieclassificatieschema dat is vastgesteld door de organisatie.";"Het communiceren van de classificatie van informatie mogelijk maken en het automatiseren van informatieverwerking en -beheer ondersteunen.";"Niet Bekend"
"5.14";"Organisatorisch";1;"Overdragen van informatie";"Er behoren regels, procedures of overeenkomsten voor informatieoverdracht te zijn vastgesteld voor alle soorten van overdracht binnen de organisatie en tussen de organisatie en andere partijen.";"Handhaven van de beveiliging van informatie die wordt uitgewisseld binnen een organisatie en met een externe belanghebbende.";"Voor de beveiliging van elektronische (e-mail)berichten gelden de vastgestelde open standaarden tegen phishing en afluisteren op de 'pas toe of leg uit'-lijst van het Forum. Voor beveiliging van websiteverkeer gelden de open standaarden tegen afluisteren op de 'pas toe of leg uit'-lijst van het Forum."
"5.15";"Organisatorisch";1;"Toegangsbeveiliging";"Er behoren regels op basis van bedrijfs- en informatiebeveiligingseisen te worden vastgesteld en geïmplementeerd om de fysieke en logische toegang tot informatie en andere gerelateerde bedrijfsmiddelen te beheersen.";"Toegang voor bevoegden bewerkstelligen en toegang voor onbevoegden tot informatie en andere gerelateerde bedrijfsmiddelen voorkomen.";"Alleen geauthenticeerde apparatuur kan toegang krijgen tot een vertrouwde zone."
"5.16";"Organisatorisch";1;"Identiteitsbeheer";"De volledige levenscyclus van identiteiten behoort te worden beheerd.";"De unieke identificatie van personen en systemen die toegang hebben tot de informatie en andere gerelateerde bedrijfsmiddelen van de organisatie, en een juiste toewijzing van toegangsrechten mogelijk maken.";"Er is een sluitende formele registratie- en afmeldprocedure voor het beheren van gebruikersidentificaties."
"5.17";"Organisatorisch";1;"Beheren van authenticatie-informatie";"De toewijzing en het beheer van authenticatie-informatie behoort te worden beheerst door middel van een beheerproces waarvan het informeren van het personeel over de juiste manier van omgaan met authenticatie-informatie deel uitmaakt.";"Goede authenticatie bewerkstelligen en fouten van authenticatieprocessen voorkomen.";"Als er geen gebruik wordt gemaakt van tweefactor- authenticatie is de wachtwoordlengte minimaal 8 posities en complex van samenstelling. Vanaf een wachtwoordlengte van 20 posities vervalt de complexiteitseis. Het aantal inlogpogingen is maximaal 10. De tijdsduur dat een account wordt geblokkeerd na overschrijding van het aantal keer foutief inloggen is vastgelegd."
"5.18";"Organisatorisch";1;"Toegangsrechten";"Toegangsrechten met betrekking tot informatie en andere gerelateerde bedrijfsmiddelen behoren te worden verstrekt, beoordeeld, aangepast en verwijderd overeenkomstig het onderwerpspecifieke beleid en de regels inzake toegangsbeveiliging van de organisatie.";"Bewerkstelligen dat de toegang tot informatie en andere gerelateerde bedrijfsmiddelen wordt vastgesteld en goedgekeurd overeenkomstig de bedrijfseisen.";"Er is uitsluitend toegang verleend tot informatiesystemen na autorisatie door een bevoegde functionaris."
"5.19";"Organisatorisch";1;"Informatiebeveiliging in leveranciersrelaties";"Er behoren processen en procedures te worden vastgesteld en geïmplementeerd om de informatiebeveiligingsrisico's in verband met het gebruik van producten of diensten van de leverancier te beheren.";"Een overeengekomen niveau van informatiebeveiliging in leveranciersrelaties in stand houden.";"Bij offerteaanvragen waar informatie(voorziening) een rol speelt, worden eisen ten aanzien van informatiebeveiliging (beschikbaarheid, integriteit en vertrouwelijkheid) benoemd. Deze eisen zijn gebaseerd op een expliciete risicoafweging."
"5.20";"Organisatorisch";1;"Adresseren van informatiebeveiliging in leveranciersovereenkomsten";"Relevante informatiebeveiligingseisen behoren te worden vastgesteld en met elke leverancier op basis van het type leveranciersrelatie te worden overeengekomen.";"Een overeengekomen niveau van informatiebeveiliging in leveranciersrelaties in stand houden.";"De beveiligingseisen uit de offerteaanvraag worden expliciet opgenomen in de (inkoop)contracten waar informatie een rol speelt."
"5.21";"Organisatorisch";1;"Beheren van informatiebeveiliging in de ICT-keten";"Er behoren processen en procedures te worden vastgesteld en geïmplementeerd om de informatiebeveiligingsrisico's in verband met de toeleveringsketen van ICT-producten en -diensten te beheren.";"Een overeengekomen niveau van informatiebeveiliging in leveranciersrelaties in stand houden.";"Leveranciers moeten hun keten van toeleveranciers bekendmaken en transparant zijn over de maatregelen die zij genomen hebben om de aan hen opgelegde eisen ook door te vertalen naar hun toeleveranciers."
"5.22";"Organisatorisch";1;"Monitoren, beoordelen en het beheren van wijzigingen van leveranciersdiensten";"De organisatie behoort de informatiebeveiligingspraktijken en de leveranciersdiensten regelmatig te monitoren, beoordelen, evalueren en veranderingen daaraan te beheren.";"Een overeengekomen niveau van informatiebeveiliging en dienstverlening in overeenstemming met de leveranciersovereenkomsten handhaven.";"Jaarlijks wordt de prestatie van leveranciers op het gebied van informatiebeveiliging beoordeeld op vooraf vastgestelde prestatie-indicatoren, zoals in het contract opgenomen is."
"5.23";"Organisatorisch";1;"Informatiebeveiliging voor het gebruik van clouddiensten";"Processen voor het aanschaffen, gebruiken, beheren en beëindigen van clouddiensten behoren overeenkomstig de informatiebeveiligingseisen van de organisatie te worden opgesteld.";"Informatiebeveiliging voor het gebruik van clouddiensten specificeren en beheren.";"Is een nieuwe control. Er zijn geen maatregelen nodig. De implementatie-aanwijziging geeft voldoende houvast."
"5.24";"Organisatorisch";1;"Plannen en voorbereiden van het beheer van informatiebeveiligingsincidenten";"De organisatie behoort plannen op te stellen voor, en zich voor te bereiden op, het beheren van informatiebeveiligingsincidenten door processen, rollen en verantwoordelijkheden voor het beheer van informatiebeveiligingsincidenten te definiëren, vast te stellen en te communiceren.";"Een snelle, doeltreffende, consistente en geordende reactie op informatiebeveiligingsincidenten, met inbegrip van communicatie over informatiebeveiligingsgebeurtenissen, bewerkstelligen.";"Er is een meldloket waar beveiligingsincidenten kunnen worden gemeld."
"5.25";"Organisatorisch";1;"Beoordelen van en besluiten over informatiebeveiligingsgebeurtenissen";"De organisatie behoort informatiebeveiligingsgebeurtenissen te beoordelen en te beslissen of ze moeten worden gecategoriseerd als informatiebeveiligingsincidenten.";"Doeltreffende categorisering en prioritering van informatiebeveiligingsgebeurtenissen bewerkstelligen.";"Informatiebeveiligingsincidenten die hebben geleid tot een vermoedelijk of mogelijk opzettelijke inbreuk op de beschikbaarheid, vertrouwelijkheid of integriteit van informatieverwerkende systemen, behoren zo snel mogelijk (binnen 72 uur) al dan niet geautomatiseerd te worden gemeld aan het NCSC (alleen voor rijksoverheidsorganisaties) of de sectorale CERT."
"5.26";"Organisatorisch";1;"Reageren op informatiebeveiligingsincidenten";"Op informatiebeveiligingsincidenten behoort te worden gereageerd in overeenstemming met de gedocumenteerde procedures.";"Een doelmatige en doeltreffende reactie op informatiebeveiligingsincidenten bewerkstelligen.";"Niet Bekend"
"5.27";"Organisatorisch";2;"Leren van informatiebeveiligingsincidenten";"Kennis die is opgedaan met informatiebeveiligingsincidenten behoort te worden gebruikt om de beheersmaatregelen voor informatiebeveiliging te versterken en te verbeteren.";"De waarschijnlijkheid of de gevolgen van toekomstige incidenten verminderen.";"Beveiligingsincidenten worden geanalyseerd met als doel te leren en toekomstige beveiligingsincidenten te voorkomen."
"5.28";"Organisatorisch";2;"Verzamelen van bewijsmateriaal";"De organisatie behoort procedures vast te stellen en te implementeren voor het identificeren, verzamelen, verkrijgen en bewaren van bewijs met betrekking tot informatiebeveiligingsgebeurtenissen.";"In het kader van disciplinaire en gerechtelijke stappen consistent en doeltreffend beheer bewerkstelligen van bewijsmateriaal in verband met informatiebeveiligingsincidenten.";"In geval van een (vermoed) informatiebeveiligingsincident is de bewaartermijn van de gelogde incidentinformatie minimaal drie jaar."
"5.29";"Organisatorisch";1;"Informatiebeveiliging tijdens een verstoring";"De organisatie behoort plannen te maken voor het op het passende niveau waarborgen van de informatiebeveiliging tijdens een verstoring.";"Informatie en andere gerelateerde bedrijfsmiddelen tijdens een verstoring beschermen.";"Continuïteitsplannen worden jaarlijks getest op geldigheid en bruikbaarheid."
"5.30";"Organisatorisch";1;"ICT-gereedheid voor bedrijfscontinuïteit";"De ICT-gereedheid behoort te worden gepland, geïmplementeerd, onderhouden en getest op basis van bedrijfscontinuïteitsdoelstellingen en ICT-continuïteitseisen.";"De beschikbaarheid van de informatie en andere gerelateerde bedrijfsmiddelen van de organisatie tijdens een verstoring waarborgen.";"Is een nieuwe control. Er zijn geen maatregelen nodig. De implementatie-aanwijziging geeft voldoende houvast."
"5.31";"Organisatorisch";1;"Wettelijke, statutaire, regelgevende en contractuele eisen";"Eisen van wettelijke, statutaire, regelgevende en contractuele eisen die relevant zijn voor informatiebeveiliging en de aanpak van de organisatie om aan deze eisen te voldoen behoren te worden vastgesteld, gedocumenteerd en actueel gehouden.";"De naleving bewerkstelligen van wettelijke, statutaire, regelgevende en contractuele eisen in verband met informatiebeveiliging.";"Cryptografische beheersmaatregelen moeten expliciet aansluiten bij de standaarden op de 'pas toe of leg uit'-lijst van het Forum."
"5.32";"Organisatorisch";1;"Intellectuele-eigendomsrechten";"De organisatie behoort passende procedures te implementeren om intellectuele eigendomsrechten te beschermen.";"De naleving bewerkstelligen van eisen van wet- en regelgeving, statutaire en contractuele eisen in verband met intellectuele-eigendomsrechten en het gebruik van gepatenteerde producten.";"Niet Bekend"
"5.33";"Organisatorisch";2;"Beschermen van registraties";"Registraties behoren te worden beschermd tegen verlies, vernietiging, vervalsing, toegang door onbevoegden en ongeoorloofde vrijgave.";"De naleving bewerkstelligen van wet- en regelgeving, statutaire en contractuele eisen, alsmede gemeenschaps- of maatschappelijke verwachtingen, met betrekking tot de bescherming en beschikbaarheid van registraties.";"De proceseigenaar heeft per soort informatie inzichtelijk gemaakt wat de bewaartermijn is."
"5.34";"Organisatorisch";1;"Privacy en bescherming van persoonsgegevens";"De organisatie behoort de eisen met betrekking tot het behoud van privacy en de bescherming van persoonsgegevens volgens de toepasselijke wet- en regelgeving en contractuele eisen te identificeren en eraan te voldoen.";"De naleving bewerkstelligen van wet- en regelgeving, statutaire en contractuele eisen met betrekking tot de informatiebeveiligingsaspecten voor de bescherming van persoonsgegevens.";"In overeenstemming met de AVG heeft iedere organisatie een Functionaris Gegevensbescherming (FG) met voldoende mandaat om zijn/haar functie uit te voeren."
"5.35";"Organisatorisch";1;"Onafhankelijke beoordeling van informatiebeveiliging";"De aanpak van de organisatie ten aanzien van het beheer van informatiebeveiliging en de implementatie ervan, met inbegrip van mensen, processen en technologieën, behoren onafhankelijk en met geplande tussenpozen of zodra zich belangrijke veranderingen voordoen, te worden beoordeeld.";"Waarborgen dat de organisatie continu een geschikte, toereikende en doeltreffende aanpak voor het beheer van informatiebeveiliging hanteert.";"Er is een information security management system (ISMS) waarmee aantoonbaar de gehele Plan-Do-Check-Act cyclus op gestructureerde wijze wordt afgedekt."
"5.36";"Organisatorisch";1;"Naleving van beleid, regels en normen voor informatiebeveiliging";"De naleving van het informatiebeveiligingsbeleid, het onderwerpspecifieke beleid, regels en de normen van de organisatie behoort regelmatig te worden beoordeeld.";"Bewerkstelligen dat informatiebeveiliging in overeenstemming met het informatiebeveiligingsbeleid, het onderwerpspecifieke beleid, regels en normen van de organisatie wordt geïmplementeerd en uitgevoerd.";"In de P&C-cyclus wordt gerapporteerd over informatiebeveiliging, resulterend in een jaarlijks af te geven In Control Verklaring (ICV) over de informatiebeveiliging. Indien voldoende herkenbaar kan de ICV voor informatiebeveiliging onderdeel zijn van de reguliere, generieke verantwoording."
"5.37";"Organisatorisch";1;"Gedocumenteerde bedieningsprocedures";"Bedieningsprocedures voor informatieverwerkende faciliteiten behoren te worden gedocumenteerd en beschikbaar te worden gesteld aan het personeel dat ze nodig heeft.";"De correcte en veilige bediening van informatieverwerkende faciliteiten waarborgen.";"Niet Bekend"
"6.1";"Mensgericht";1;"Screening";"De achtergrond van alle kandidaten die in aanmerking komen voor posities binnen de organisatie behoort te worden gecontroleerd voordat ze bij de organisatie in dienst treden en daarna op gezette tijden te worden herhaald. Hierbij behoort rekening te worden gehouden met de toepasselijke wet- en regelgeving, voorschriften en ethische overwegingen, en deze controle behoort in verhouding te staan tot de bedrijfseisen, de classificatie van de informatie waartoe toegang wordt verleend en de vastgestelde risico's.";"Bewerkstelligen dat al het personeel in aanmerking komt en geschikt is voor de functies waarvoor zij worden overwogen en dat zij hiervoor gedurende hun dienstverband in aanmerking blijven komen en geschikt blijven.";"Elke organisatie heeft een vastgesteld screeningsbeleid. Bij indiensttreding en bij functiewijziging kan een Verklaring Omtrent het Gedrag (VOG) gevraagd worden."
"6.2";"Mensgericht";1;"Arbeidsovereenkomst";"In arbeidsovereenkomsten behoort te worden vermeld wat de verantwoordelijkheden van het personeel en van de organisatie zijn wat betreft informatiebeveiliging.";"Bewerkstelligen dat personeel begrijpt wat hun verantwoordelijkheden zijn op het gebied van informatiebeveiliging voor de rollen waarvoor zij mogelijk in aanmerking komen.";"Alle medewerkers (intern en extern) zijn bij hun aanstelling of functiewisseling gewezen op hun verantwoordelijkheden ten aanzien van informatiebeveiliging. De voor hen geldende regelingen en instructies ten aanzien van informatiebeveiliging zijn eenvoudig toegankelijk."
"6.3";"Mensgericht";1;"Bewustwording van, opleiding en training in informatiebeveiliging";"Personeel van de organisatie en relevante belanghebbenden behoren een passend(e) bewustwording van, opleiding, training en bijscholing in informatiebeveiliging en regelmatige updates over het informatiebeveiligingsbeleid, onderwerpspecifieke beleidsregels en procedures van de organisatie, voor zover relevant voor hun functie, te krijgen.";"Ervoor zorgen dat personeel en relevante belanghebbenden zich bewust zijn van hun verantwoordelijkheden op het gebied van informatiebeveiliging en deze nakomen.";"Alle medewerkers hebben de verantwoordelijkheid bedrijfsinformatie te beschermen. Iedereen kent de regels en verplichtingen met betrekking tot informatiebeveiliging en daar waar relevant de speciale eisen voor gerubriceerde omgevingen."
"6.4";"Mensgericht";1;"Disciplinaire procedure";"Er behoort een formele en gecommuniceerde disciplinaire procedure te zijn om actie te ondernemen tegen personeel en andere belanghebbenden die zich schuldig hebben gemaakt aan een schending van het informatiebeveiligingsbeleid.";"Bewerkstelligen dat personeel en andere relevante belanghebbenden de gevolgen begrijpen van schending van het informatiebeveiligingsbeleid, personeel en andere relevante belanghebbenden ervan weerhouden zich schuldig te maken aan een schending, en personeel en andere relevante belanghebbenden die zich schuldig hebben gemaakt aan een schending op de juiste manier aanpakken.";"Niet Bekend"
"6.5";"Mensgericht";1;"Verantwoordelijkheden na beëindiging of wijziging van het dienstverband";"Verantwoordelijkheden en taken met betrekking tot informatiebeveiliging die van kracht blijven na beëindiging of wijziging van het dienstverband behoren te worden gedefinieerd, gehandhaafd en gecommuniceerd aan relevant personeel en andere belanghebbenden.";"De belangen van de organisatie beschermen als onderdeel van de wijzigings- of beëindigingsprocedure van dienstverband of contracten.";"Niet Bekend"
"6.6";"Mensgericht";1;"Vertrouwelijkheids- of geheimhoudingsovereenkomsten";"Vertrouwelijkheids- of geheimhoudingsovereenkomsten die de behoeften van de organisatie inzake de bescherming van informatie weerspiegelen, behoren te worden geïdentificeerd, gedocumenteerd, regelmatig te worden beoordeeld en ondertekend door personeel en andere relevante belanghebbenden.";"De vertrouwelijkheid van informatie waartoe personeel of externe partijen toegang hebben handhaven.";"Niet Bekend"
"6.7";"Mensgericht";2;"Werken op afstand";"Wanneer personeel op afstand werkt, behoren er beveiligingsmaatregelen te worden geïmplementeerd om informatie te beschermen die buiten het gebouw en/of terrein van de organisatie wordt ingezien, verwerkt of opgeslagen.";"De beveiliging van informatie waarborgen wanneer personeel op afstand werkt.";"Niet Bekend"
"6.8";"Mensgericht";1;"Melden van informatiebeveiligingsgebeurtenissen";"De organisatie behoort te voorzien in een mechanisme waarmee personeel waargenomen of vermoede informatiebeveiligingsgebeurtenissen tijdig via passende kanalen kan melden.";"Tijdige, consistente en doeltreffende melding ondersteunen van informatiebeveiligingsgebeurtenissen die door personeel kunnen worden geïdentificeerd.";"Alle medewerkers en contractanten hebben aantoonbaar kennisgenomen van de meldingsprocedure van incidenten."
"7.1";"Fysiek";1;"Fysieke beveiligingszones";"Zones die informatie en andere gerelateerde bedrijfsmiddelen bevatten, behoren te worden beschermd door beveiligingszones te definiëren en te gebruiken.";"Onbevoegde fysieke toegang tot, schade aan en interferentie met informatie en andere gerelateerde bedrijfsmiddelen van de organisatie voorkomen.";"Er wordt voor het inrichten van beveiligde zones gebruik gemaakt van standaarden."
"7.2";"Fysiek";1;"Fysieke toegangsbeveiliging";"Beveiligde zones behoren te worden beschermd door passende toegangscontroles en toegangspunten.";"Bewerkstelligen dat er alleen bevoegde fysieke toegang tot de informatie en andere gerelateerde bedrijfsmiddelen van de organisatie plaatsvindt.";"In geval van concrete beveiligingsrisico's worden waarschuwingen, conform onderlinge afspraken, verzonden aan de relevante collega's binnen het beveiligingsdomein van de overheid."
"7.3";"Fysiek";1;"Beveiligen van kantoren, ruimten en faciliteiten";"Voor kantoren, ruimten en faciliteiten behoort fysieke beveiliging te worden ontworpen en geïmplementeerd.";"Onbevoegde fysieke toegang tot, schade aan en interferentie met informatie en andere gerelateerde bedrijfsmiddelen van de organisatie in kantoren, ruimten en faciliteiten voorkomen.";"Sleutelbeheer is ingericht op basis van een sleutelplan."
"7.4";"Fysiek";1;"Monitoren van de fysieke beveiliging";"Het gebouw en terrein behoort voortdurend te worden gemonitord op onbevoegde fysieke toegang.";"Onbevoegde fysieke toegang detecteren en ontmoedigen.";"Is een nieuwe control. Er zijn geen maatregelen nodig. De implementatie-aanwijziging geeft voldoende houvast."
"7.5";"Fysiek";1;"Beschermen tegen fysieke en omgevingsdreigingen";"Er behoort bescherming tegen fysieke en omgevingsdreigingen, zoals natuurrampen en andere opzettelijke of onopzettelijke fysieke dreigingen van de infrastructuur, te worden ontworpen en geïmplementeerd.";"De gevolgen van gebeurtenissen die voortvloeien uit fysieke en omgevingsdreigingen, voorkomen of beperken.";"De organisatie heeft geïnventariseerd welke papieren archieven en apparatuur bedrijfskritisch zijn. Tegen bedreigingen van buitenaf zijn beveiligingsmaatregelen genomen op basis van een expliciete risicoafweging."
"7.6";"Fysiek";2;"Werken in beveiligde zones";"Voor het werken in beveiligde zones behoren beveiligingsmaatregelen te worden ontwikkeld en geïmplementeerd.";"Informatie en andere gerelateerde bedrijfsmiddelen in beveiligde zones beschermen tegen schade en onbevoegde verstoring door personeel dat in deze zones aan het werk is.";"Niet Bekend"
"7.7";"Fysiek";1;"'Clear desk' en 'clear screen'";"Er behoren 'clear desk'-regels voor papieren documenten en verwijderbare opslagmedia en 'clear screen'-regels voor informatieverwerkende faciliteiten te worden gedefinieerd en op passende wijze ten uitvoer worden gebracht.";"De risico's op onbevoegde toegang tot, verlies van en schade aan informatie op bureaus, schermen en op andere toegankelijke plaatsen tijdens en buiten de gebruikelijke werkuren beperken.";"Een onbemensde werkplek is altijd vergrendeld."
"7.8";"Fysiek";1;"Plaatsen en beschermen van apparatuur";"Apparatuur behoort veilig te worden geplaatst en beschermd.";"De risico's op fysieke en omgevingsdreigingen en op toegang door onbevoegden en schade beperken.";"Niet Bekend"
"7.9";"Fysiek";1;"Beveiligen van bedrijfsmiddelen buiten het terrein";"Bedrijfsmiddelen buiten het gebouw en/of terrein behoren te worden beschermd.";"Verlies, schade, diefstal of compromittering van bedrijfsmiddelen buiten het gebouw en/of terrein en onderbreking van de bedrijfsvoering van de organisatie voorkomen.";"Niet Bekend"
"7.10";"Fysiek";2;"Opslagmedia";"Opslagmedia behoren te worden beheerd gedurende hun volledige levenscyclus van aanschaf, gebruik, transport en verwijdering overeenkomstig het classificatieschema en de hanteringseisen van de organisatie.";"Uitsluitend geoorloofde openbaarmaking, wijziging, verwijdering of vernietiging van informatie op opslagmedia bewerkstelligen.";"Media die vertrouwelijke informatie bevatten, zijn opgeslagen op een plek die niet toegankelijk is voor onbevoegden."
"7.11";"Fysiek";1;"Nutsvoorzieningen";"Informatieverwerkende faciliteiten behoren te worden beschermd tegen stroomuitval en andere verstoringen die worden veroorzaakt door storingen in nutsvoorzieningen.";"Verlies, schade of compromittering van informatie en andere gerelateerde bedrijfsmiddelen of onderbreking van de bedrijfsvoering van de organisatie vanwege verstoring en ontregeling van ondersteunende nutsvoorzieningen voorkomen.";"Niet Bekend"
"7.12";"Fysiek";1;"Beveiligen van bekabeling";"Voedingskabels en kabels voor het versturen van gegevens of die informatiediensten ondersteunen, behoren te worden beschermd tegen onderschepping, interferentie of beschadiging.";"Verlies, schade, diefstal of compromittering van informatie en andere gerelateerde bedrijfsmiddelen en onderbreking van de bedrijfsvoering van de organisatie in verband met voedings- en communicatiekabels voorkomen.";"Niet Bekend"
"7.13";"Fysiek";1;"Onderhoud van apparatuur";"Apparatuur behoort op de juiste wijze te worden onderhouden om de beschikbaarheid, integriteit en betrouwbaarheid van informatie te garanderen.";"Verlies, schade, diefstal of compromittering van informatie en andere gerelateerde bedrijfsmiddelen en onderbreking van de bedrijfsvoering van de organisatie door gebrekkig onderhoud voorkomen.";"Niet Bekend"
"7.14";"Fysiek";1;"Veilig verwijderen of hergebruiken van apparatuur";"Onderdelen van de apparatuur die opslagmedia bevatten, behoren te worden gecontroleerd om te waarborgen dat gevoelige gegevens en gelicentieerde software zijn verwijderd of veilig zijn overschreven voordat ze worden verwijderd of hergebruikt.";"Het lekken van informatie via af te voeren of te hergebruiken apparatuur voorkomen.";"Zie overheidsmaatregelen van 7.10 (7.10.1, 7.10.5 en 7.10.6)."
"8.1";"Technologisch";1;"'User endpoint devices'";"Informatie die is opgeslagen op, wordt verwerkt door of toegankelijk is via 'user endpoint devices' behoort te worden beschermd.";"Informatie beschermen tegen de risico's als gevolg van het gebruik van 'user endpoint devices'.";"Mobiele apparatuur is zo ingericht dat bedrijfsinformatie niet onbewust wordt opgeslagen ('zero footprint'). Als zero footprint (nog) niet realiseerbaar is, biedt een mobiel apparaat (zoals een laptop, tablet en smartphone) de mogelijkheid om de toegang te beschermen door middel van een toegangsbeveiligingsmechanisme en, indien vertrouwelijke gegevens worden opgeslagen, versleuteling van die gegevens. In het geval van opslag van vertrouwelijke informatie moet op deze mobiele apparatuur 'wissen op afstand' mogelijk zijn."
"8.2";"Technologisch";1;"Speciale toegangsrechten";"Het toewijzen en gebruik van speciale toegangsrechten behoren te worden beperkt en beheerd.";"Bewerkstelligen dat alleen bevoegde gebruikers, softwarecomponenten en diensten speciale toegangsrechten krijgen.";"De uitgegeven speciale bevoegdheden worden minimaal ieder kwartaal beoordeeld."
"8.3";"Technologisch";1;"Beperking toegang tot informatie";"De toegang tot informatie en andere gerelateerde bedrijfsmiddelen behoort te worden beperkt overeenkomstig het vastgestelde onderwerpspecifieke beleid inzake toegangsbeveiliging.";"Uitsluitend bevoegde toegang bewerkstelligen en onbevoegde toegang tot informatie en andere gerelateerde bedrijfsmiddelen voorkomen.";"Er zijn maatregelen genomen die het fysiek en/of logisch isoleren van informatie met specifiek belang waarborgen."
"8.4";"Technologisch";1;"Toegangsbeveiliging op broncode";"Lees- en schrijftoegang tot broncode, ontwikkelinstrumenten en softwarebibliotheken behoort op passende wijze te worden beheerd.";"Voorkomen dat er ongeoorloofde functionaliteit wordt geïntroduceerd, vermijden dat onbedoelde of kwaadwillige wijzigingen plaatsvinden en de vertrouwelijkheid behouden van waardevol intellectueel eigendom.";"Niet Bekend"
"8.5";"Technologisch";1;"Beveiligde authenticatie";"Er behoren beveiligde authenticatietechnologieën en -procedures te worden geïmplementeerd op basis van beperkingen van de toegang tot informatie en het onderwerpspecifieke of aanvullende beleid inzake toegangsbeveiliging.";"Bewerkstelligen dat een gebruiker of een entiteit veilig wordt geauthenticeerd wanneer toegang tot systemen, toepassingen en diensten wordt verleend.";"Als vanuit een onvertrouwde zone toegang wordt verleend naar een vertrouwde zone, gebeurt dit alleen op basis van minimaal tweefactor-authenticatie."
"8.6";"Technologisch";1;"Capaciteitsbeheer";"Het gebruik van middelen behoort te worden gemonitord en afgestemd overeenkomstig de huidige en verwachte capaciteitseisen.";"De vereiste capaciteit van informatieverwerkende faciliteiten, personeel, kantoren en andere faciliteiten waarborgen.";"Niet Bekend"
"8.7";"Technologisch";1;"Bescherming tegen malware";"Bescherming tegen malware behoort te worden geïmplementeerd en ondersteund door een passend gebruikersbewustzijn.";"Waarborgen dat informatie en andere gerelateerde bedrijfsmiddelen beschermd zijn tegen malware.";"Het downloaden van bestanden is beheerst en beperkt op basis van risico en need-of-use."
"8.8";"Technologisch";1;"Beheer van technische kwetsbaarheden";"Er behoort informatie te worden verkregen over technische kwetsbaarheden van in gebruik zijnde informatiesystemen, de blootstelling van de organisatie aan dergelijke kwetsbaarheden behoort te worden geëvalueerd en er behorende passende maatregelen te worden getroffen.";"Misbruik van technische kwetsbaarheden voorkomen.";"Als de kans op misbruik en de verwachte schade beide hoog zijn (NCSC classificatie kwetsbaarheidswaarschuwingen), worden patches zo snel mogelijk, maar uiterlijk binnen een week geïnstalleerd. In de tussentijd worden op basis van een expliciete risicoafweging mitigerende maatregelen getroffen."
"8.9";"Technologisch";1;"Configuratiebeheer";"Configuraties, met inbegrip van beveiligingsconfiguraties, van hardware, software, diensten en netwerken behoren te worden vastgesteld, gedocumenteerd, geïmplementeerd, gemonitord en beoordeeld.";"Garanderen dat hardware, software, diensten en netwerken correct met de vereiste beveiligingsinstellingen functioneren en de configuratie niet door ongeautoriseerde of onjuiste wijzigingen wordt gewijzigd.";"Is een nieuwe control. Er zijn geen maatregelen nodig. De implementatie-aanwijziging geeft voldoende houvast."
"8.10";"Technologisch";1;"Wissen van informatie";"In informatiesystemen, apparaten of andere opslagmedia opgeslagen informatie behoort te worden gewist als deze niet langer nodig is.";"Onnodige openbaarmaking van gevoelige informatie voorkomen en aan de eisen van wet- en regelgeving, statutaire en contractuele eisen voor het wissen van informatie voldoen.";"Is een nieuwe control. Er zijn geen maatregelen nodig. De implementatie-aanwijziging geeft voldoende houvast."
"8.11";"Technologisch";2;"Maskeren van gegevens";"Gegevens behoren te worden gemaskeerd overeenkomstig het onderwerpspecifieke beleid inzake toegangsbeveiliging en andere gerelateerde onderwerpspecifieke beleidsregels, en bedrijfseisen van de organisatie, rekening houdend met de toepasselijke wetgeving.";"De openbaarmaking van gevoelige informatie met inbegrip van persoonsgegevens beperken en aan de eisen van wet- en regelgeving, statutaire en contractuele eisen voldoen.";"Is een nieuwe control. Er zijn geen maatregelen nodig. De implementatie-aanwijziging geeft voldoende houvast."
"8.12";"Technologisch";2;"Voorkomen van gegevenslekken (Data leakage prevention)";"Maatregelen om gegevenslekken te voorkomen behoren te worden toegepast in systemen, netwerken en andere apparaten waarop of waarmee gevoelige informatie wordt verwerkt, opgeslagen of getransporteerd.";"Om de ongeoorloofde openbaarmaking en extractie van informatie door personen of systemen te detecteren en te voorkomen.";"Is een nieuwe control. Er zijn geen maatregelen nodig. De implementatie-aanwijziging geeft voldoende houvast."
"8.13";"Technologisch";1;"Back-up van informatie";"Back-ups van informatie, software en systemen behoren te worden bewaard en regelmatig te worden getest overeenkomstig het overeengekomen onderwerpspecifieke beleid inzake back-ups.";"Herstel mogelijk maken na verlies van gegevens of systemen.";"Er is een back-upbeleid waarin de eisen voor het bewaren en beschermen zijn gedefinieerd en vastgesteld."
"8.14";"Technologisch";1;"Redundantie van informatieverwerkende faciliteiten";"Informatieverwerkende faciliteiten behoren met voldoende redundantie te worden geïmplementeerd om aan beschikbaarheidseisen te voldoen.";"De ononderbroken werking van informatieverwerkende faciliteiten waarborgen.";"Niet Bekend"
"8.15";"Technologisch";1;"Logging";"Er behoren logbestanden waarin activiteiten, uitzonderingen, storingen en andere relevante gebeurtenissen worden geregistreerd te worden opgesteld, opgeslagen, beschermd en geanalyseerd.";"Gebeurtenissen registreren, bewijs genereren, de integriteit van informatie in logbestanden waarborgen, onbevoegde toegang voorkomen, informatiebeveiligingsgebeurtenissen identificeren die tot een informatiebeveiligingsincident kunnen leiden en onderzoeken ondersteunen.";"Een logregel bevat minimaal:
(a) de gebeurtenis;
(b) de benodigde informatie die nodig is om het incident met hoge mate van zekerheid te herleiden tot een natuurlijk persoon;
(c) het gebruikte apparaat;
(d) het resultaat van de handeling;
(e) een datum en tijdstip van de gebeurtenis."
"8.16";"Technologisch";2;"Monitoren van activiteiten";"Netwerken, systemen en toepassingen behoren te worden gemonitord op afwijkend gedrag en er behoren passende maatregelen te worden genomen om potentiële informatiebeveiligingsincidenten te evalueren.";"Afwijkend gedrag en potentiële informatiebeveiligingsincidenten detecteren.";"De informatie verwerkende omgeving wordt gemonitord door een SIEM en/of SOC middels detectie-voorzieningen, zoals het Nationaal Detectie Netwerk (alleen voor rijksoverheidsorganisaties), die worden ingezet op basis van een risico-inschatting, mede aan de hand van en de aard van de te beschermen gegevens en informatiesystemen, zodat aanvallen kunnen worden gedetecteerd."
"8.17";"Technologisch";1;"Kloksynchronisatie";"De klokken van informatieverwerkende systemen die door de organisatie worden gebruikt, behoren te worden gesynchroniseerd met goedgekeurde tijdsbronnen.";"De correlatie en analyse van beveiligingsgerelateerde gebeurtenissen en andere geregistreerde gegevens mogelijk maken en onderzoeken bij informatiebeveiligingsincidenten ondersteunen.";"Niet Bekend"
"8.18";"Technologisch";1;"Gebruik van speciale systeemhulpmiddelen";"Het gebruik van systeemhulpmiddelen die in staat kunnen zijn om beheersmaatregelen voor systemen en toepassingen te omzeilen, behoort te worden beperkt en nauwkeurig te worden gecontroleerd.";"Bewerkstelligen dat het gebruik van systeemhulpmiddelen geen schade toebrengt aan systeem- en toepassingsbeheersmaatregelen voor informatiebeveiliging.";"Alleen bevoegd personeel heeft toegang tot systeemhulpmiddelen."
"8.19";"Technologisch";1;"Installeren van software op operationele systemen";"Er behoren procedures en maatregelen te worden geïmplementeerd om het installeren van software op operationele systemen op beveiligde wijze te beheren.";"De integriteit van operationele systemen garanderen en voorkomen dat misbruik wordt gemaakt van technische kwetsbaarheden.";"Gebruikers kunnen op hun werkomgeving niets zelf installeren, anders dan wat via de ICT-leverancier wordt aangeboden of wordt toegestaan (whitelist)."
"8.20";"Technologisch";1;"Beveiliging netwerkcomponenten";"Netwerken en netwerkapparaten behoren te worden beveiligd, beheerd en beheerst om informatie in systemen en toepassingen te beschermen.";"Informatie in netwerken en de ondersteunende informatieverwerkingsfaciliteiten beschermen tegen compromittering via het netwerk.";"Niet Bekend"
"8.21";"Technologisch";1;"Beveiliging van netwerkdiensten";"Beveiligingsmechanismen, dienstverleningsniveaus en dienstverleningseisen voor alle netwerkdiensten behoren te worden geïdentificeerd, geïmplementeerd en gemonitord.";"De beveiliging bij het gebruik van netwerkdiensten garanderen.";"Het dataverkeer dat de organisatie binnenkomt of uitgaat wordt bewaakt / geanalyseerd op kwaadaardige elementen middels detectievoorzieningen (zoals beschreven in de richtlijn voor implementatie van detectieoplossingen), zoals het Nationaal Detectie Netwerk (alleen voor rijksoverheidsorganisaties) of GDI, die worden ingezet op basis van een risico-inschatting, mede aan de hand van de aard van de te beschermen gegevens en informatiesystemen."
"8.22";"Technologisch";1;"Netwerksegmentatie";"Groepen informatiediensten, gebruikers en informatiesystemen behoren in de netwerken van de organisatie te worden gesegmenteerd.";"Het netwerk opsplitsen met beveiligingsgrenzen en het verkeer ertussen op basis van de bedrijfsbehoeften beheersen.";"Alle gescheiden groepen hebben een gedefinieerd beveiligingsniveau."
"8.23";"Technologisch";1;"Toepassen van webfilters";"De toegang tot externe websites behoort te worden beheerd om de blootstelling aan kwaadaardige inhoud te beperken.";"Systemen beschermen om te voorkomen dat ze door malware worden gecompromitteerd en om toegang tot ongeoorloofde internetbronnen te voorkomen.";"Is een nieuwe control. Er zijn geen maatregelen nodig. De implementatie aanwijziging geeft voldoende houvast."
"8.24";"Technologisch";2;"Gebruik van cryptografie";"Regels voor het doeltreffende gebruik van cryptografie, met inbegrip van het beheer van cryptografische sleutels, behoren te worden gedefinieerd en geïmplementeerd.";"Correct en doeltreffend gebruik bewerkstelligen van cryptografie om de vertrouwelijkheid, authenticiteit of integriteit van informatie overeenkomstig de bedrijfs- en informatiebeveiligingseisen te beschermen en met inachtneming van de eisen van wet- en regelgeving, statutaire en contractuele eisen met betrekking tot cryptografie.";"In het cryptografiebeleid zijn minimaal de volgende onderwerpen uitgewerkt:
(a) Wanneer cryptografie ingezet wordt.
(b) Wie verantwoordelijk is voor de implementatie.
(c) Wie verantwoordelijk is voor het sleutelbeheer.
(d) Welke normen als basis dienen voor cryptografie en de wijze waarop de normen van het Forum worden toegepast.
(e) De wijze waarop het beschermingsniveau vastgesteld wordt.
(f) Bij communicatie tussen organisaties wordt het beleid onderling vastgesteld."
"8.25";"Technologisch";1;"Beveiligen tijdens de ontwikkelcyclus";"Voor het veilig ontwikkelen van software en systemen behoren regels te worden vastgesteld en toegepast.";"Bewerkstelligen dat informatiebeveiliging binnen de veilige ontwikkelcyclus van software en systemen wordt ontworpen en geïmplementeerd.";"De gangbare principes rondom 'security by design' zijn uitgangspunt voor de ontwikkeling van software en systemen."
"8.26";"Technologisch";1;"Toepassingsbeveiligingseisen";"Er behoren eisen aan de informatiebeveiliging te worden geïdentificeerd, gespecificeerd en goedgekeurd bij het ontwikkelen of aanschaffen van toepassingen.";"Garanderen dat alle informatiebeveiligingseisen zijn geïdentificeerd en meegenomen bij het ontwikkelen of aanschaffen van toepassingen.";"Zie overheidsmaatregel 5.14.3."
"8.27";"Technologisch";1;"Veilige systeemarchitectuur en technische uitgangspunten";"Uitgangspunten voor het ontwerpen van beveiligde systemen behoren te worden vastgesteld, gedocumenteerd, onderhouden en toegepast voor alle activiteiten betreffende het ontwikkelen van informatiesystemen.";"Waarborgen dat informatiesystemen veilig worden ontworpen, geïmplementeerd en beheerd binnen de ontwikkelingslevenscyclus.";"Zie overheidsmaatregel 8.25.1."
"8.28";"Technologisch";1;"Veilig coderen";"Er behoren principes voor veilig coderen te worden toegepast op softwareontwikkeling.";"Waarborgen dat veilige software wordt geschreven waardoor het aantal potentiële informatiebeveiligingskwetsbaarheden in de software wordt beperkt.";"Is een nieuwe control. Er zijn geen maatregelen nodig. De implementatie aanwijziging geeft voldoende houvast."
"8.29";"Technologisch";1;"Testen van de beveiliging tijdens ontwikkeling en acceptatie";"Processen voor het testen van de beveiliging behoren te worden gedefinieerd en geïmplementeerd in de ontwikkelcyclus.";"Valideren of aan de informatiebeveiligingseisen wordt voldaan wanneer toepassingen of code in de productieomgeving worden uitgerold.";"Voor acceptatietesten van systemen worden gestructureerde testmethodieken gebruikt. De testen worden bij voorkeur geautomatiseerd uitgevoerd."
"8.30";"Technologisch";1;"Uitbestede systeemontwikkeling";"De organisatie behoort de activiteiten in verband met uitbestede systeemontwikkeling te sturen, bewaken en beoordelen.";"Garanderen dat de door de organisatie vereiste informatiebeveiligingsmaatregelen bij uitbestede systeemontwikkeling worden geïmplementeerd.";"Een voorwaarde voor uitbestedingstrajecten is een expliciete risicoafweging. De noodzakelijke beveiligingsmaatregelen die daaruit volgen worden aan de leverancier opgelegd."
"8.31";"Technologisch";1;"Scheiden van ontwikkel-, test- en productieomgevingen";"Ontwikkel-, test- en productieomgevingen behoren te worden gescheiden en beveiligd.";"De productieomgeving en de gegevens beschermen tegen compromittering door ontwikkel- en testactiviteiten.";"In de productieomgeving wordt niet getest. Alleen met voorafgaande goedkeuring door de proceseigenaar en schriftelijke vastlegging hiervan, kan hiervan worden afgeweken."
"8.32";"Technologisch";2;"Wijzigingsbeheer";"Wijzigingen in informatieverwerkingsfaciliteiten en informatiesystemen behoren onderworpen te zijn aan procedures voor wijzigingsbeheer.";"De informatiebeveiliging behouden tijdens het uitvoeren van wijzigingen.";"In de procedure voor wijzigingenbeheer is minimaal aandacht besteed aan:
(a) het administreren van wijzigingen;
(b) risicoafweging van mogelijke gevolgen van de wijzigingen;
(c) goedkeuringsprocedure voor wijzigingen."
"8.33";"Technologisch";2;"Testgegevens";"Testgegevens behoren op passende wijze te worden geselecteerd, beschermd en beheerd.";"De relevantie van het testen en de bescherming van operationele gegevens die voor het testen worden gebruikt, waarborgen.";"Niet Bekend"
"8.34";"Technologisch";1;"Bescherming van informatiesystemen tijdens audits";"Audits en andere borgingsactiviteiten waarbij operationele systemen worden beoordeeld behoren te worden gepland en overeengekomen tussen de tester en het verantwoordelijke management.";"De impact van audit- en andere borgingsactiviteiten op operationele systemen en bedrijfsprocessen tot een minimum beperken.";"Niet Bekend"
"100";"Explicitly unmapped Microsoft 365 Control";0;"Expliciet geen mapped CIS Safeguard control";"CIS heeft expliciet geen Safeguard control gemapped voor deze M365 control";"Algemene aanbevolen best practice";"N/A"
"101";"Documented unmapped Microsoft 365 Control";0;"Gedocumenteerde ontbreking van ISO mapping";"CIS heeft geen ISO Control gemapped voor deze CIS Safeguard control, maar dit als zodanig gedocumenteerd";"Algemene aanbevolen best practice";"N/A"
"102";"Undocumented unmapped Microsoft 365 Control";0;"Ongedocumenteerde ontbreking van ISO mapping";"CIS heeft geen ISO Control gemapped voor deze CIS Safeguard control, maar dit ook niet als zodanig gedocumenteerd";"Algemene aanbevolen best practice";"N/A"
